8601,"Pickens County Airport","Jasper","United States","JZP","KJZP",34.4534722,-84.4572222,1535,-4,"A"
8602,"Gesundbrunnen","Berlin","Germany","BGS",\N,52.548611,13.389444,150,1,"E"
8603,"Saarmund Airport","Saarmund","Germany","","EDCS",52.3089943,13.1006727,160,1,"E"
8604,"Grand Strand Airport","North Myrtle Beach","United States","CRE",\N,33.81175,-78.7239444,31,-4,"A"
8605,"Sun Moon Lake Airport","Sun Moon Lake","Taiwan","SMT",\N,23.8833,120.933,2405,8,"U"
8606,"Lansing Municipal","Lansing","United States","IGQ","KIGQ",41.5349167,-87.5295278,620,-6,"A"
8607,"Bloyer Field","Tomah","United States","Y72",\N,43.9762222,-90.4806111,966,-6,"A"
8608,"Ramona Airport","Ramona","United States","RNM","KRNM",33.0391667,-116.91525,1395,-8,"A"
8609,"Dole-Pont Sur Yonne Airport","Pont Sur Yonne","France","","LFGO",48.288333,3.246389,223,1,"E"
8610,"Dole-St Florentin Cheu Airport","St Florentin Cheu","France","","LFGP",47.981389,3.776389,345,1,"E"
8611,"Guiscriff-Saulieu Liernais Airport","Saulieu","France","","LFEW",47.238611,4.263056,1699,1,"E"
8612,"Olten Airport","Olten","Switzerland","","LSPO",47.343611,7.8875,1370,1,"E"
8613,"Buochs Airport","Buochs","Switzerland","BXO","LSZC",46.9725,8.398611,1464,1,"E"
8614,"Ambri Airport","Quinto","Switzerland","","LSPM",46.513056,8.689444,3214,1,"E"
8615,"Lodrino Airport","Lodrino","Switzerland","","LSML",46.29499,8.9916,850,1,"E"
8616,"Roudnice Airport","Roudnice nad Lebem","Czech Republic","","LKRO",50.407222,14.232778,719,1,"E"
8617,"Usti Nad Labem Airport","Usti Nad Labem","Czech Republic","","LKUL",50.698889,13.970833,765,1,"E"
8618,"Mauterndorf Airport","Mauterndorf","Austria","","LOSM",47.131667,13.695278,3629,1,"E"
8619,"Notsch Im Gailtal Airport","Notsch Im Gailtal","Austria","","LOKN",46.580833,13.629167,1810,1,"E"
8620,"Forchheim Airport","Karlsruhe","Germany","","EDTK",49.097778,8.453056,400,1,"E"
8621,"Bergstrasse Airport","Weinheim","Germany","","EDGZ",49.567222,8.611389,319,1,"E"
8622,"Creil-Meaux Esbly Airport","Meaux","France","","LFPE",48.928611,2.833056,210,1,"E"
8623,"Belleau Airport","Chateau-Thierry","France","","LFFH",49.066944,3.356111,719,1,"E"
8624,"Branch County Memorial Airport","Coldwater","United States","OEB","KOEB",41.9335691,-85.0522935,959,-5,"A"
8625,"Wilkes-Barre Wyoming Valley Airport","Wilkes-Barre","United States","WBW","KWBW",41.2973074,-75.8522405,543,-5,"A"
8626,"Lost Nation Municipal Airport","Willoughby","United States","LNN","KLNN",41.6840278,-81.38975,626,-5,"A"
8627,"Taoyuan Air Base","Taoyuan","Taiwan","","RCGM",25.05660057,121.2442627,143,8,"U"
8628,"Uummannaq Heliport","Uummannaq","Greenland","UMD","BGUM",70.4047,52.0702,5,-4,"E"
8629,"Civitavecchia","Civitavecchia","Italy","",\N,42.6,11.48,0,1,"E"
8630,"Bayannur","Bayannur","China","RLK",\N,40.926389,107.738889,3389,8,"U"
8631,"Capital City Airport","Frankfort","United States","FFT","KFFT",38.1819722,-84.9061389,812,-4,"A"
8632,"Lewiston Maine","Lewiston","United States","LEW","KLEW",44.0484728,-70.2835075,288,-5,"A"
8633,"Inowroclaw Inowr Airport","Inowroclaw","Poland","","EPIR",52.829444,18.330556,259,1,"E"
8634,"Pruszcz Gdansk Airport","Pruszcz Gdansk","Poland","","EPPR",54.248056,18.671667,21,1,"E"
8635,"Florence","Florence","United States","6S2",\N,43.9828168,-124.1113687,51,-7,"A"
8636,"Martin Campbell Field Airport","Copperhead","United States","1A3",\N,35.0158056,-84.3468333,1789,-4,"A"
8637,"Sudkreuz","Berlin","Germany","","BPAP",52.475556,13.364444,136,1,"E"
8638,"Naval Air Station","Glenview","United States","NBU","KNBU",42.090556,-87.8225,653,-6,"A"
8639,"Bloyer Field","Tomah","United States","","KY72",43.975278,-90.483333,965,-6,"A"
8640,"Yongning Air Base","Beijing","China","","CN-0",40.50310135,116.1080017,1677,8,"U"
8641,"Marco Islands","Marco Island Airport","United States","MRK","KMKY",25.9950278,-81.6725278,5,-5,"A"
8642,"Boipeba","Boipeba Island","Brazil","",\N,-13.565589,-38.939241,5,-5,"S"
8643,"Boipeba","Boipeba Island","Brazil","",\N,-13.565589,-38.939241,5,-5,"S"
8644,"Drummond Island Airport","Drummond Island","United States","DRM","KDRM",46.0093114,-83.7439342,668,-5,"A"
8645,"Garland Airport","Lewiston","United States","8M8",\N,44.8065278,-84.2761944,1218,-5,"A"
8646,"Gladwin Zettel Memorial Airport","Gladwin","United States","GDW","KGDW",43.9705893,-84.47502,774,-5,"A"
8647,"Lowell City Airport","Lowell","United States","24C",\N,42.95392,-85.3439058,681,-5,"A"
8648,"South Haven Area Regional Airport","South Haven","United States","LWA","KLWA",42.3511944,-86.2556389,666,-5,"A"
8649,"Schaumburg Regional","Schaumburg","United States","06C",\N,41.9893408,-88.1012428,801,-6,"A"
8650,"Khulna Seaplane Landing Site","Khulna","Bangladesh","",\N,22.464897,89.351261,0,6,"N"
8651,"Khulna Seaplane Landing Site","Khulna","Bangladesh","",\N,22.464897,89.351261,0,6,"N"
8652,"Khulna Seaplane Landing Site","Khulna","Bangladesh","",\N,22.464897,89.351261,0,6,"N"
8653,"Marshfield Municipal Airport","Marshfield","United States","MFI","KMFI",44.6368797,-90.1893267,1278,-6,"A"
8654,"Alexander Field South Wood County Airport","Wisconsin Rapids","United States","ISW","KISW",44.3606456,-89.8381412,1021,-6,"A"
8655,"Clinton Municipal","Clinton","United States","CWI","KCWI",41.83075,-90.3289722,708,-6,"A"
8656,"Wiescheid","Langenfeld","Germany","",\N,51.141663,6.987305,1000,1,"E"
8657,"Wadi Rum","Wadi Rum Desert","Jordan","",\N,29.682087,35.470734,1000,3,"U"
8658,"Beverly Municipal Airport","Beverly","United States","BVY","KBVY",42.584141,-70.9161444,107,-5,"A"
8659,"Priob\\'e","Priob\\'e","Russia","",\N,62.5461,65.6261,200,6,"N"
8660,"Nagaur Airport","Nagaur","India","","VI73",27.20829964,73.71140289,3853,5.5,"U"
8661,"Ostafyevo International Airport","Moscow","Russia","","UUMO",55.511667,37.507222,568,4,"N"
8662,"Oakdale Airport","Oakdale","United States","O27",\N,37.7563333,-120.8001944,237,-8,"A"
8663,"Trois Rivieres Airport","Trois Rivieres","Canada","YRQ","CYRQ",46.351667,-72.680556,199,-5,"A"
8664,"Poplar Bluff Municipal Airport","Poplar Bluff","United States","POF","KPOF",36.77394444,-90.3248611,331,-6,"A"
8665,"Somerset Airport","Somerville","United States","","KSMQ",40.6259908,-74.6702433,105,-5,"A"
8666,"Eastport Municipal Airport","Eastport","United States","EPM","KEPM",44.9101111,-67.0126944,45,-5,"A"
8667,"Keokuk Municipal Airport","Keokuk","United States","EOK","KEOK",40.4599078,-91.4285011,671,-6,"A"
8668,"Banks Airport","Swans Island","United States","ME5",\N,44.1653889,-68.4281667,100,-5,"A"
8669,"Perth Scone Airport","Perth","United Kingdom","PSL","EGPT",56.439722,-3.371389,392,0,"E"
8670,"Caernarfon Airport","Caernarfon","United Kingdom","","EGCK",53.104167,-4.340278,14,0,"E"
8671,"Grefrath-Niershorst Airport","Grefrath","Germany","","EDLF",51.333889,6.359444,105,1,"E"
8672,"Offenburg","Offenburg","Germany","",\N,48.4711,7.9411,535,1,"E"
8673,"Oberwolfach","Oberwolfach","Germany","",\N,48.3167,8.2167,1060,1,"E"
8674,"Karlsruhe Hbf","Karlsruhe","Germany","",\N,49.0135,8.4044,377,1,"E"
8675,"Lichtenwalde","Lichtenwalde","Germany","",\N,50.8833,13.0167,984,1,"E"
8676,"Karlsruhe","Karlsruhe","Germany","",\N,49.0135,8.4044,377,1,"E"
8677,"Holzhau","Holzhau","Germany","",\N,50.7333334,13.6,1969,1,"E"
8678,"Porto","Porto","Portugal","",\N,41.1667,8.5833,341,0,"E"
8679,"Lisboa-Oriente","Lisboa","Portugal","",\N,38.424972,9.82179,7,0,"E"
8680,"Bad Herrenalb","Bad Herrenalb","Germany","",\N,48.7976817,8.4361503,1198,1,"E"
8681,"St. Paul Downtown Airport - Holman Field","St. Paul","United States","","KSTP",44.9346225,-93.0603424,705,-6,"A"
8682,"Soderhamn Airport","Soderhamn","Sweden","SOO","ESCL",61.261667,17.098056,94,1,"E"
8683,"Newcastle Airfield","Newcastle","Ireland","","EINC",53.073056,-6.039722,14,0,"E"
8684,"Saravane Airport","Saravane","Laos","VNA","VLSV",15.709444,106.411667,612,7,"U"
8685,"Lisboa-Oriente","Lisboa","Portugal","",\N,38.7,9.1833,6,0,"E"
8686,"Lisboa-Oriente","Lisboa-Oriente","Portugal","",\N,38.7,-9.1833,6,0,"E"
8687,"Zurich","Zurich","Switzerland","",\N,47.369,8.538,1339,1,"E"
8688,"Bagdad Airport","Bagdad","United States","E51",\N,34.5958528,-113.170195,4183,-7,"A"
8689,"Segeletz Airport","Segeletz","Germany","","EDAI",52.826667,12.541944,141,1,"E"
8690,"Fuentemilanos Airport","Segovia","Spain","","LEFM",40.889233,-4.239478,3284,1,"E"
8691,"Akeno Aero","Akeno","Japan","","RJOE",34.533333,136.672222,12,9,"U"
8692,"Ust Kamchatsk Airport","Ust Kamchatsk","Russia","","UHPK",56.238556,162.688851,200,12,"N"
8693,"Oconomowoc Airport","Oconomowoc","United States","","0WI8",43.1388947,-88.4723206,885,-6,"A"
8694,"Kozyrevsk Airport","Kozyrevsk","Russia","","UHPO",56.09,159.876663,331,12,"N"
8695,"Dikson Airport","Dikson","Russia","DKS","UODD",73.517807,80.379669,47,8,"N"
8696,"Beverley Airport","Mine Site","Australia","","YBEE",-30.19033959,139.5554942,381,10.5,"O"
8697,"Bogande Airport","Bogande","Canada","XBG",\N,48.329498,-70.995697,531,-5,"A"
8698,"Bantry Aerodrome","Bantry","Ireland","BYT","EIBN",51.668598,-9.48417,7,0,"E"
8699,"Reeroe Airport","Caherciveen","Ireland","CHE",\N,51.933334,-10.233333,314,0,"E"
8700,"Aliwal North","Aliwal North","South Africa","","FAAN",-30.683333,26.733333,4361,2,"U"
8701,"Alkantpan Airport","Alkantpan","South Africa","","FACO",-29.906389,22.316667,3585,2,"U"
8702,"Alldays Airport","Alldays","South Africa","ADY","FAAL",-22.678889,29.055278,2676,2,"U"
8703,"Barberton Airport","Barberton","South Africa","","FABR",-25.7175,30.975,2260,2,"U"
8704,"Ocean Ridge Airport","Gualala","United States","E55",\N,38.8016111,-123.5306389,940,-8,"A"
8705,"Kent State Airport","Kent","United States","1G3",\N,41.1513889,-81.4151111,1134,-4,"A"
8706,"Bulter County Regional Airport","Hamilton","United States","","KHAO",39.36375,-84.5219444,633,-5,"A"
8707,"Bungoma Airport","Bungoma","Kenya","","HKBU",0.576389,34.551389,4752,3,"U"
8708,"Bura East","Bura","Kenya","","HKBR",-1.185,39.813889,295,3,"U"
8709,"Busia","Busia","Kenya","","HKBA",0.272,34.748,3989,3,"U"
8710,"Embu","Embu","Kenya","","HKEM",-0.568889,37.492222,4131,3,"U"
8711,"Garba Tula","Garba Tula","Kenya","","HKGT",0.3112,38.3056,1764,3,"U"
8712,"Garissa","Garissa","Kenya","GAS","HKGA",-0.468611,39.649444,469,3,"U"
8713,"Hola","Hola","Kenya","HOA","HKHO",-1.52,40.00389,220,3,"U"
8714,"Homa Bay","Homa Bay","Kenya","","HKHB",-0.591668,34.48,4231,3,"U"
8715,"Isiolo","Isiolo","Kenya","","HKIS",0.34361,37.587778,3688,3,"U"
8716,"Kalokol","Kalokol","Kenya","KLK","HYFG",3.49,35.84,1296,3,"U"
8717,"Kericho","Kericho","Kenya","KEY","HKKR",-0.385,35.245,6453,3,"U"
8718,"Kilaguni","Kilaguni","Kenya","ILU","HKKL",-2.9,38.073889,2832,3,"U"
8719,"Kerio Valley","Kimwarer","Kenya","KRV",\N,0.1912,35.3954,7095,3,"U"
8720,"Andavadoaka","Andavadoaka","Madagascar","DVD",\N,-22.111111,43.270556,27,3,"U"
8721,"Antsirabe","Antsirabe","Madagascar","ATJ","FMME",-19.836944,47.065278,4913,3,"U"
8722,"Bekily","Bekily","Madagascar","OVA","FMSL",-24.236111,45.305,1259,3,"U"
8723,"Ust-Tsylma","Ust-Tsylma","Russia","","UUYX",65.434722232222,52.20000001,262,4,"N"
8724,"Atlantic City Rail Terminal","Atlantic City NJ","United States","ZRA",\N,39.3665,-74.442,8,-5,"A"
8725,"Springfield Amtrak Station","Springfield MA","United States","ZSF",\N,42.106,-72.593054,65,-5,"A"
8726,"Amherst Amtrak Station AMM","Amherst MA","United States","XZK",\N,42.375,-72.511389,258,-5,"A"
8727,"Cape May Ferry Terminal","Cape May NJ","United States","",\N,38.9696286,-74.960918,0,-5,"A"
8728,"Lewes Ferry Terminal","Lewes DE","United States","",\N,38.781655,-75.119534,0,-5,"A"
8729,"Bar Harbor Yarmouth Ferry Terminal","Bar Harbor ME","United States","",\N,44.39917,-68.225,0,-5,"A"
8730,"Yarmouth Ferry Terminal","Yarmouth NS","Canada","",\N,43.833227,-66.122653,0,-4,"A"
8731,"Gare de Montreux Railway Station","Montreux","Switzerland","",\N,46.435833,6.910278,1280,1,"E"
8732,"London - Kings Cross","London","United Kingdom","QQK",\N,51.5326,0.1233,72,0,"E"
8733,"Stevenage Railway Station","Stevenage","United Kingdom","XVJ",\N,51.902,0.207,262,0,"E"
8734,"Peterborough Railway Station","Peterborough","United Kingdom","XVH",\N,52.5748,-0.2502,91,0,"E"
8735,"Pomalaa","Pomalaa","Indonesia","PUM",\N,-4.183333,121.61667,0,8,"N"
8736,"St. Ignace Ferry Dock","St. Ignace MI","United States","",\N,45.866405,-84.720254,587,-5,"A"
8737,"Mackinac Island Dock","Mackinac Island MI","United States","",\N,45.848801,-84.615927,889,-5,"A"
8738,"YUR'EVETS","YUR'EVETS","Russia","","UUIC",57.338582,43.0949,413,4,"E"
8739,"Whittlesford Parkway Rail Station","Whittlesford","United Kingdom","WLF",\N,52.104,0.166,95,0,"E"
8740,"Gorno-Altaysk Airport","Gorno-Altaysk","Russia","RGK","UNBG",51.966667,85.833333,965,7,"U"
8741,"Gryzliny - Lansk","Gryzliny","Poland","","EPGR",53.3629,20.204,520,1,"E"
8742,"Fond Du Lac County Airport","Fond du Lac","United States","FLD","KFLD",43.7711667,-88.4884167,808,-6,"A"
8743,"Waupaca Municipal Airport","Waupaca","United States","PCZ","KPCZ",44.33325,-89.0197778,840,-6,"A"
8744,"Stevens Point Municipal Airport","Stevens Point","United States","STE","KSTE",44.5451356,-89.5302844,1110,-6,"A"
8745,"Mys Shmidta Airport","Mys Shmidta","Russia","","UHMI",68.868301,179.373001,20,12,"N"
8746,"Moma Airport","Honuu","Russia","","UEMA",66.450859,143.261551,656,12,"N"
8747,"Luce County Airport","Newberry","United States","ERY","KERY",46.311199,-85.457298,869,-5,"A"
8748,"Forest Lake Airport","Forest Lake","United States","25D",\N,45.2477456,-92.9943853,925,-5,"A"
8749,"Hannover Messe-Heliport","Hannover","Germany","ZVM",\N,52.329035,9.822136,152,1,"E"
8750,"Peenemunde Airfield","Peenemunde","Germany","PEF","EDCP",54.157778,13.772778,7,1,"E"
8751,"Goraszka","Goraszka","Poland","","EPGO",52.1104,21.1652,110,1,"E"
8752,"Pangandaran-Java Island-Nusawiru Airport","Nusawiru","Indonesia","","WI1A",-7.72039,108.489998,16,7,"N"
8753,"Pom Pom Camp","Pom Pom","Botswana","",\N,-19.35,22.5,965,1,"U"
8754,"Moremi Crossing","Moremi","Botswana","",\N,-19.31,23.08,965,1,"U"
8755,"New Delhi Train Station","New Delhi","India","",\N,28.64197,77.2206,708,5.3,"N"
8756,"Agra Cantonment Railway Station","Agra","India","",\N,27.1578,77.98993,571,5.3,"N"
8757,"Urumqi Railway Station","Urumqi","China","",\N,43.7809,87.585,2844,8,"N"
8758,"Turpan Railway Station","Turpan","China","",\N,43.151,88.875,98,8,"N"
8759,"Galion Municipal Airport","Galion","United States","GQQ","KGQQ",40.7533889,-82.7238056,1224,-4,"A"
8760,"Musiara Airstrip","Musiara","Kenya","","HKMZ",-1.29861,35.063611,5200,3,"U"
8761,"Tiputini","Tiputini","Ecuador","TPN","SETI",-0.766667,-75.53333,997,-5,"S"
8762,"Shell Mera","Pastaza","Ecuador","PTZ","SESM",-2,-77,7076,-5,"S"
8763,"Clarksville-Montgomery County Regional Airport","Clarksville","United States","CKV","KCKV",36.621944,-87.415,550,-5,"A"
8764,"Oban Rail Station","Oban","United Kingdom","",\N,56.4124,-5.4702,0,0,"E"
8765,"Memmingen Rail Station","Memmingen","Germany","",\N,47.9878,10.1811,2077,1,"E"
8766,"Ulm Railway Station","Ulm","Germany","",\N,48.4,9.9833,1641,1,"E"
8767,"Aachen HBF","Aachen","Germany","",\N,50.7667,6.1,873,1,"E"
8768,"Liege-Guillemins Railway Station","Liege","Belgium","XHN",\N,50.6333,5.56667,659,1,"E"
8769,"Bruxelles-Central","Brussels","Belgium","","FBCL",50.8411,4.3564,43,1,"E"
8770,"Wyk auf Foehr","Wyk","Germany","OHR",\N,54.411,8.3145,24,1,"E"
8771,"Lompoc Airport","Lompoc","United States","LPC","KLPC",34.6656,-120.4675,88,-8,"A"
8772,"Chester County G O Carlson Airport","Coatesville","United States","CTH","KMQS",39.9789,-75.8654,660,-5,"A"
8773,"Bost Airport","Lashkar Gah","Afghanistan","BST","OABT",31.558889,64.364167,2464,4.5,"U"
8774,"Lankaran International Airport","Lankaran","Azerbaijan","LLK","UBBL",38.746389,48.817778,30,4,"U"
8775,"Qabala Airport","Qabala","Azerbaijan","GBB","UBBQ",40.826667,47.7125,100,4,"E"
8776,"Zaqatala International Airport","Zaqatala","Azerbaijan","ZTU","UBBY",41.562222,46.667222,100,4,"E"
8777,"Lake Placid Airport","Lake Placid","United States","LKP","KLKP",44.264444,-73.961944,1747,5,"A"
8778,"Long Lake","Long Lake","United States","NY9",\N,43.9750617,-74.42044,1629,5,"A"
8779,"Tyopliy Klyuch","Khandyga","Russia","","UEMH",62.471,136.505,932,10,"N"
8780,"Magan","Yakutsk","Russia","","UEMM",62.0626,129.3334,577,10,"N"
8781,"Zhoubai","Qianjiang","China","JIQ",\N,29.515,108.83,2461,8,"N"
8782,"Mendeleevo","Yuzhno-Kurilsk","Russia","DEE","YXCM",43.5739,145.4107,50,12,"N"
8783,"Wishram Amtrak Station","Wishram","United States","WIH",\N,45.6576,-120.9664,1,-8,"A"
8784,"Lima Allen County Airport","Lima","United States","AOH","KAOH",40.707478,-84.0270781,975,-5,"A"
8785,"Sondok Airport","Hamhung","North Korea","DSO",\N,39.747333,127.474611,0,9,"U"
8786,"Samjiyon Airport","Samjiyon","North Korea","YJS",\N,41.907167,128.409889,0,9,"U"
8787,"Geiranger","Geiranger Fjord","Norway","",\N,62.474976458,6.1528587341,0,1,"E"
8788,"Gangtok Helipad","Gangtok","India","",\N,27.3521,88.6051,1500,4.5,"N"
8789,"McKinnon Airport","Brunswick","United States","SSI","KSSI",31.1519722,-81.3910556,19,-4,"A"
8790,"Beaver Falls","Beaver Falls","United States","BFP","KBFP",40.7724722,-80.3914444,1253,-4,"A"
8791,"Seaplane Base","Winterhaven","United States","F57",\N,28.0575,-81.7628056,140,-7,"A"
8792,"Georgetown County Airport","Georgetown","United States","GGE","KGGE",33.3114018,-79.3203139,40,-4,"A"
8793,"Hardwick Field Airport","Cleveland","United States","HDI","KHDI",35.2199994,-84.832369,874,-4,"A"
8794,"Mark Anton Airport","Dayton","United States","2A0",\N,35.48625,-84.9310833,718,-4,"A"
8795,"Jefferson County Airpark","Steubenville","United States","2G2",\N,40.3602179,-80.7008742,1196,-4,"A"
8796,"Renton","Renton","United States","RNT","KRNT",47.4931389,-122.21575,32,-7,"A"
8963,"Bromont Airport","Bromont","Canada","ZBM","CZBM",45.290833,-72.741944,374,-5,"A"
8798,"Brackett Field","La Verne","United States","POC","KPOC",34.0916667,-117.7817778,1014,-7,"A"
8799,"Jekyll Island Airport","Jekyll Island","United States","09J",\N,31.0744722,-81.4277778,11,-4,"A"
8800,"CedarKey","Cedar Key","United States","CDK","KCDK",29.1342222,-83.0504722,11,-4,"A"
8801,"Cross City","Cross City","United States","CTY","KCTY",29.6355278,-83.10475,42,-4,"A"
8802,"Clemson","Clemson","United States","CEU","KCEU",34.6722222,-82.8858889,891,-4,"A"
8803,"Heber City Municipal Airport","Heber","United States","36U",\N,40.4818056,-111.4288056,5637,-6,"A"
8804,"Beech Factory Airport","Wichita","United States","BEC","KBEC",37.6939167,-97.2149167,1409,-5,"A"
8805,"Cherokee County Airport","Canton","United States","47A",\N,34.3122175,-84.4221556,1219,-4,"A"
8806,"Fernandina Beach Municipal Airport","Fernandina Beach","United States","55J",\N,30.6118333,-81.4611944,16,-4,"A"
8807,"Padang Tabing","Padang","Indonesia","","WIMG",-0.875,100.3519,3,7,"U"
8808,"Tom B. David Field Airport","Calhoun","United States","","KCZL",34.45545,-84.9391622,651,-7,"A"
8809,"Habersham County Airport","Cornelia","United States","","KAJR",34.4998483,-83.5566701,1448,-4,"A"
8810,"Hamburg Hbf","Hamburg","Germany","ZMB",\N,53.552776,10.006683,30,1,"E"
8811,"Georgetown Municipal Airport","Georgetown","United States","GTU","KGTU",30.678809,-97.6793837,790,-5,"A"
8812,"Old Rhinebeck Airport","Rhinebeck","United States","","NY94",41.969833,-73.864555,323,-5,"U"
8813,"Duxford Aerodrome","Duxford","United Kingdom","QFO","EGSU",52.09083,0.13194,125,0,"E"
8814,"BLABU","Blankenburg","Germany","",\N,51.7946,11.0183,551,1,"E"
8815,"Sidney Muni Airport","Sidney","United States","SNY","KSNY",41.10167,-102.985,4313,-7,"A"
8816,"Manantali Bengassi Airport ","Bengassi","Mali","","GA46",13.25561,-10.50432,538,0,"N"
8817,"Schofields Aerodrome","Schofields","Australia","",\N,-33.717389,150.871396,21,10,"O"
8818,"Luray Caverns Airport","Luray","United States","","KLUA",38.666944,-78.500556,903,-5,"A"
8819,"Eagle's Nest Airport","Waynesboro","United States","W13",\N,38.076944,-78.944167,1437,-5,"A"
8820,"Great Keppel Island","Great Keppel Island","Australia","GKL","YGKL",-23.186,150.943,250,10,"U"
8821,"Roper Bar","Roper Bar","Australia","RPB","YRRB",-14.73457,134.5252,70,9.5,"U"
8822,"Mount Garnet","Mount Garnet","Australia","","YMRT",-17.70601,145.14889,2159,10,"U"
8823,"Innisfail","Innisfail","Australia","IFL","YIFL",-17.55908,146.01123,46,10,"U"
8824,"Kalaeloa","Kapolei","United States","","PHJR",21.307222,-158.070278,30,-10,"U"
8825,"Bamyan Airport","Bamyan","Afghanistan","BIN","OABN",34.816667,67.816667,2550,4.5,"N"
8826,"Changbaishan Airport","Baishan","China","NBS",\N,42.088056,127.548889,2762,8,"N"
8827,"SFO Helicopter","Sausalito","United States","",\N,37.87856,-122.512742,13,-8,"A"
8828,"Lewa Airport","Lewa Downs","Kenya","",\N,0.1927,37.4725,6250,3,"U"
8829,"Huaorani Ecolodge","Huaorani","Ecuador","",\N,-1.0102,-77.1501,1000,-6,"U"
8830,"Chongjin Airport","Chongjin","North Korea","RGO","ZZ07",41.4297,129.6488,0,9,"U"
8831,"Moomba","Moomba","Australia","MOO","YOOM",-28.1,140.2,143,9.5,"O"
8832,"Lublin","Lublin","Poland","LUZ","EPLB",51.239333,22.714083,203,1,"E"
8834,"Madison County Executive Airport","Huntsville","United States","","KMDQ",34.861,-86.558,756,-6,"A"
8835,"Leesburg Executive Airport","Leesburg","United States","JYO","KJYO",39.078,-77.558,389,-5,"A"
8836,"CNC4","Guelph","Canada","",\N,43.563889,-80.196111,1100,-5,"A"
8837,"CNC4","Geulph","Canada","",\N,43.563889,-80.196111,1100,-5,"A"
8839,"Robinson Crusoe Airport","San Juan Bautista","Chile","","SCIR",-33.665001,-78.929703,433,-4,"S"
8840,"Maamigili Airport","Maamigili","Maldives","VAM","VRMV",3.4702,72.8344,6,5,"U"
8841,"Hilton Iru fushi","Maldives Hilton Iru fushi","Maldives","IRU","IRUF",5.7435,73.3249,6,5,"U"
8842,"Dhigurah Centara Grand Maldives","Dhigurah","Maldives","DHG","DHGU",3.5939,72.8834,6,5,"U"
8843,"Beijing Railway Station","Beijing","China","",\N,39.5408,116.2516,143,8,"N"
8844,"Chengde Railway Station","Chengde","China","",\N,40.965755,117.954019,1083,8,"N"
8845,"Yongzhou Lingling Airport","Yongzhou","China","LLF",\N,26.345556,111.612222,428,8,"U"
8846,"Losinj Airport","Mali Losinj","Croatia","LSZ","LDLO",44.3357,14.2335,154,1,"E"
8847,"Onslow ","Onslow","Australia","ONS","YOLW",-21.667,115.116,23,8,"O"
8848,"Theodore","Theodore","Australia","TDR","YTDR",-24.986737,150.093112,560,10,"N"
8849,"RUDNIKI ","RUDNIKI","Poland","CZW","EPRU",50.884722,19.202222,262,1,"E"
8850,"Williamson-Sodus Airport","Williamson","United States","SDC","KSDC",43.2347904,-77.119444,424,-5,"A"
8851,"Clear Lake Metroport","Clear Lake City","United States","CLC",\N,29.5569,-95.137497,35,6,"A"
8852,"Gilberto Lavaque","Cafayate","Argentina","CFX","SASC",-26.06245,-65.932095,5523,-3,"S"
8853,"Woking","Fairoaks","United Kingdom","","EGTF",51.348056,-0.558611,80,0,"U"
8854,"Boulder Municipal","Boulder","United States","WBU","KBDU",40.039444,-105.225833,5288,-7,"A"
8855,"Neustadt-Glewe","Neustadt-Glewe","Germany","","EDAN",53.364779,11.607352,115,1,"E"
8856,"Berchtesgarden BKS","Bischofswiesen","Germany","",\N,47.62313,12.972214,2297,1,"E"
8857,"Hohe Duene","Warnemuende","Germany","","ETMW",54.181438,12.132082,10,1,"E"
8858,"Sannvhe","Tangshan","China","TVS","ZBSN",39.717444,118.002389,25,8,"N"
8859,"GOETSENHOVEN AB","GOETSENHOVEN","Belgium","","EBTN",50.7817,4.95778,246,1,"E"
8860,"Wildenrath AB Closed","Wildenrath","Germany","","EDUW",51.113721,6.210245,200,1,"E"
8861,"Bremgarten Airport","Bremgarten","Germany","","EDTG",47.902779,7.617778,300,1,"E"
8862,"Bitburg AB closed","Birburg","Germany","","EDRB",49.945278,6.565,1200,1,"U"
8863,"Toul AB closed","Toul","France","",\N,48.779999,5.98,936,1,"E"
8864,"Palo Alto Airport of Santa Clara County","Palo Alto","United States","PAO","KPAO",37.4611111,-122.1150556,7,-8,"A"
8865,"Dubai Cruise Terminal","Dubai","United Arab Emirates","",\N,25.274193,55.28311,0,3,"U"
8866,"Ust-Nera Airport","Ust-Nera","Russia","","UEMT",64.568056,143.236111,3000,12,"U"
8867,"Vostice","Vysoke Myto","Czech Republic","","LKVM",49.5537,16.1109,988,1,"E"
8868,"Spa La Sauveniere","Spa","Belgium","","EBSP",50.4824981689453,5.91029977798462,1581,1,"E"
8869,"Mesa Falcon Field","Mesa","United States","FFZ","KFFZ",33.4608001708984,-111.727996826172,1394,-7,"A"
8870,"Coolidge Municipal Airport","Cooldige","United States","P08","KP08",32.9359016418457,-111.427001953125,1574,-7,"A"
8871,"Cottonwood Airport","Cottonwood","United States","P52","KP52",34.7299995422363,-112.035003662109,3550,-7,"A"
8872,"Suarlee Airport","Namur","Belgium","","EBNM",50.4879989624023,4.76891994476318,594,1,"E"
8873,"Hasselt Airport","Hasselt","Belgium","","EBZH",50.9700012207031,5.37507009506226,141,1,"E"
8874,"Phoenix Regional Airport","Phoenix","United States","A39","KA39",32.99169921875,-111.920997619629,1300,-7,"A"
8875,"Wickenburg Municipal Airport","Wickenburg","United States","E25","KE25",33.96889877,-112.7990036,2377,-7,"A"
8876,"Yangzhou Taizhou Airport","Yangzhou","China","YTY","ZSYA",32.5617,119.715,7,8,"N"
8877,"Oakland Co. Intl","Pontiac","United States","PTK","KPTK",42.667,-83.35,980,-4,"A"
8878,"Fuzhou Railway Station","Fuzhou","China","",\N,26.11351,119.319998,39,8,"N"
8879,"Xiamen Railway Station","Xiamen","China","",\N,24.4679,118.116,255,8,"N"
8880,"Kissidougou","Kissidougou","Guinea","KSI","GUKU",9.160556,-10.124443,550,0,"N"
8881,"Pecs","Pecs","Hungary","QPJ",\N,46.070833,18.233056,1000,1,"E"
8882,"Neuwied","Neuwied","Germany","",\N,50.432008,7.472785,300,1,"E"
8883,"Castelnuovo di Garfagnana","Castelnuovo di Garfagnana","Italy","",\N,44.116464,10.409954,1100,1,"E"
8884,"Portovenere","Portovenere","Italy","",\N,44.0519359,9.8353078,10,1,"E"
8885,"Amsterdam Zuid WTC","Amsterdam","Netherlands","",\N,52.338841,4.871471,10,1,"E"
8886,"Budapest Keteli","Budapest","Hungary","",\N,47.500497,19.085484,100,1,"E"
8887,"Zagreb Glavni Kolod.","Zagreb","Croatia","",\N,45.804289,15.979121,500,1,"E"
8888,"Dillant Hopkins Airport","Keene","United States","EEN",\N,72.270833,42.898333,149,-5,"A"
8889,"Tianshui Airport","Tianshui","China","THQ","ZLTS",34.333,105.514,9186,8,"N"
8890,"Kawama Airport","Kawama","Cuba","","MUKW",23.123642,-81.301805,16,-5,"U"
8891,"Yumuri Valley","Yumuri Valley","Cuba","",\N,23.1,-81.9,0,-5,"U"
8892,"Kooddoo","Kooddoo","Maldives","GKK","VRMO",0.7308,73.433,10,5,"U"
8893,"Glasgow Industrial","Glasgow","United States","","07MT",48.4211069,-106.5277039,2762,-7,"A"
8894,"Rochester Airport","Rochester","United Kingdom","RCS","EGTO",51.351944,0.502778,426,0,"E"
8895,"Den Haag Centraal","Den Haag","Netherlands","",\N,52.081667,4.329167,0,1,"E"
8896,"Paris Nord","Paris","France","",\N,48.880931,2.355323,0,1,"E"
8897,"Venlo railway station","Venlo","Netherlands","",\N,51.364722,6.171389,0,1,"E"
8898,"Monchengladbach Central Station","Monchengladbach","Germany","",\N,51.196,6.446,0,1,"E"
8899,"Utrecht Centraal","Utrecht ","Netherlands","",\N,52.089167,5.109722,0,1,"E"
8900,"Rensselaer Rail Station","Albany","United States","",\N,42.641389,-73.741111,324,-5,"A"
8901,"Amtrak Station","Tacoma","United States","",\N,47.242733,-122.42041,50,-8,"A"
8902,"Amtrak Station","Orlando","United States","",\N,28.5259,-81.3813,82,-5,"A"
8903,"Denali Rail","Healy","United States","",\N,63.7306,-148.913733333333,1730,-9,"A"
8904,"Albian Aerodrome","Wood Buffalo","Canada","JHL",\N,57.223889,-111.418889,1048,-7,"A"
8905,"Monroe Reqional Airport","Charlotte","United States","EQY",\N,35.01833,-80.62001,679,-5,"A"
8906,"Station Aare","Aare","Sweden","",\N,63.398779,13.075956,1240,1,"E"
8907,"Villach Hauptbahnhof","Villach","Austria","",\N,46.618333,13.848333,1644,1,"E"
8908,"Krakow Glowny","Krakow","Poland","",\N,50.065556,19.947222,719,1,"E"
8909,"Wien Meidling","Vienna","Austria","",\N,48.175,16.335278,738,1,"E"
8910,"Roma Termini","Rome","Italy","",\N,41.900833,12.501944,197,1,"E"
8911,"Napoli Centrale","Naples","Italy","",\N,40.8525,14.271944,39,1,"E"
8912,"Euston Station","London","United Kingdom","",\N,51.5284,-0.1331,89,0,"E"
8913,"Kankan","Kankan","Guinea","KNN","GUXD",10.448333,-9.227499,8694,0,"U"
8914,"Termal","Rio Hondo","Argentina","RHD","SANH",-27.509946,-64.936666,1181,-3,"S"
8915,"Guangzhou Railway Station","Guangzhou","China","",\N,23.151343,113.252073,19,8,"N"
8916,"Shenzhen West Railway Station","Shenzhen","China","",\N,22.532043,113.908729,3,8,"N"
8917,"Shenzhen North Railway Station","Shenzhen","China","",\N,22.607058,114.027203,229,8,"N"
8918,"Keetmanshoop","Keetmanshoop","Namibia","KMP","FYKT",-26.5397,18.1114,3506,3,"U"
8919,"Shekou Ferry Terminal","Shenzhen","China","",\N,22.476555,113.912855,2,8,"N"
8920,"Zhuhai-Jiuzhou Port","Zhuhai","China","",\N,22.233333,113.583333,2,8,"N"
8921,"Kangding Airport","Kangding","China","KGT","ZUKD",30.1575,101.734722,14042,8,"N"
8922,"Train Station","Aranyaprathet","Thailand","",\N,13.4058,102.311,150,7,"N"
8923,"Train Station","Nha Trang","Vietnam","",\N,12.15,109.11,50,7,"N"
8924,"Veliky Ustyug","Veliky Ustyug","Russia","VUS","ULWU",60.788333,46.26,331,4,"N"
8925,"Iowa City Municipal Airport","Iowa City","United States","IOW","KIOW",41.639244,-91.546503,668,-6,"A"
8926,"Turpan","Turpan","China","TLQ","ZWTP",42.942328,89.185877,20,8,"U"
8927,"Lorenzo","Morro de Sao Paulo","Brazil","","SNCL",-13.389444445,-38.91,3,-2,"S"
8928,"Windom Municipal Airport","Windom","United States","MWM","KMWM",43.9134017,-95.1094083,1410,-6,"A"
8929,"Sasakwa Airstrip","Sasakwa","Tanzania","",\N,-2.0714,34.5068,4000,3,"N"
8930,"Yabuli","Yabuli Town","China","",\N,44.4653,128.27,1200,8,"N"
8931,"Longview Ranch Airport","Longview","United States","","OG39",44.6608611,-119.6526153,2080,-8,"A"
8932,"Rothera Research Station","Rothera Research Station","United Kingdom","","EGAR",-67.34,-68.08,200,8,"U"
8933,"Sortavala","Sortavala","Russia","","ULPW",61.736099,30.673599,14,4,"N"
8934,"Valaam","Valaam","Russia","",\N,61.37115,30.88977,15,4,"N"
8935,"Lee Airport","Annapolis","United States","ANP","KANP",38.942778,-76.568333,34,-5,"A"
8936,"Songshan Train Station","Taipei","Taiwan","",\N,25.049214,121.577961,0,8,"N"
8937,"Kaohsiung Station","Kaohsiung","Taiwan","",\N,22.638432,120.301877,39,8,"N"
8938,"Hualien Station","Hualien","Taiwan","",\N,23.992722,121.60135,45,8,"N"
8939,"El Merk","El Merk","Algeria","",\N,30.300039,8.160833,0,0,"U"
8940,"Budapest Keleti pu.","Budapest","Hungary","",\N,-47.500278,-160.916111,0,1,"E"
8941,"Bratislava hl. st.","Bratislava","Slovakia","",\N,-48.158263,17.105839,430,1,"E"
8942,"Ndutu","Ndutu","Tanzania","DUU","HTND",-3.0243398,34.98450589999993,5400,3,"U"
8943,"Cuamba","Cuamba","Mozambique","FXO","FQCB",-14.8175,36.528333,1931,2,"N"
8944,"Bodaibo","Bodaibo","Russia","ODO","UIKB",57.5137,114.1348,940,9,"N"
8945,"Berdoba Airport","Berdoba","Chad","",\N,16.072,22.8466,2953,1,"N"
8946,"Zhytomyr","Zhytomyr","Ukraine","ZTR","UKKV",50.270556,28.738611,0,2,"E"
8947,"Mozyr","Mozyr","Belarus","","UMGM",51.981944,29.165,0,3,"N"
8948,"Paluknys","Paluknys","Lithuania","","EYVP",54.483056,24.989722,0,2,"E"
8949,"Mattala Rajapaksa Intl.","Mattala","Sri Lanka","HRI","VCRI",6.284467,81.124128,157,5.3,"N"
8950,"Pecos Municipal Airport","Pecos","United States","PEQ","KPEQ",31.3823889,-103.5107222,2613,-6,"A"
8951,"Hattiesburg Bobby L. Chain Municipal Airport","Hattiesburg","United States","HBG","KHBG",31.2649444,-89.2528889,151,-6,"A"
8952,"Botucatu","Botucatu","Brazil","QCJ","SDBK",-22.938,-48.467,3012,-3,"S"
8953,"Anapolis Military Airbase","Anapolis","Brazil","","SBAN",-16.23,-48.966,3731,-3,"S"
8954,"Sao Carlos TAM","Sao Carlos","Brazil","QSC","SDSC",-21.875,-47.904,2649,-3,"S"
8955,"Byron Airport","Byron Bay","Australia","",\N,28.383504,153.365447,10,10,"O"
8956,"Grindelwald","Grindelwald","Switzerland","",\N,46.35106,7.57408,6000,1,"U"
8957,"Grindelwald","Grindelwald","Switzerland","",\N,46.3506,7.57408,6000,1,"U"
8958,"Chan Gurney","Yankton","United States","YKN","KYKN",42.8711,-97.3969,1200,-6,"A"
8959,"Selfield Airport","Selma Alabama","United States","SES","KSES",32.4404,-86.9522,131,-6,"A"
8960,"Linkwasha Airfield","Hwange National Park","Zimbabwe","",\N,-19.123333,27.201389,3543,2,"N"
8961,"Sir Bani Yas Island","Sir Bani Yas Island","United Arab Emirates","XSB",\N,24.2856083,52.5783472,5,4,"U"
8962,"Dalma Airport","Dalma Island","United Arab Emirates","ZDY",\N,24.5033833,52.3360528,8,4,"U"
8964,"Playa del Carmen Airport","Playa del Carmen","Mexico","PCM",\N,20.6225,-87.082221,1,-6,"U"
8965,"Ellough","Beccles","United Kingdom","","EGSM",52.438333,1.606944,80,0,"E"
8966,"Kratie Airport","Kratie","Cambodia","KTI","VDKT",12.4905,106.055,3610,7,"N"
8967,"Caldera Airport","Caldera","Chile","","SCCL",-27.078052,-70.795305,180,-4,"U"
8968,"San Pedro de Atacama Airport","San Pedro de Atacama","Chile","","SCPE",-22.918888,-68.162777,7959,-4,"U"
8969,"Copacabana Airport","Copacabana","Bolivia","","SLCC",-16.183326,-69.087501,12591,-4,"U"
8970,"Havelock Island Seaport","Havelock Island","India","",\N,12.042636,92.982574,0,5.5,"N"
8971,"Guyuan","Guyuan","China","GYU","ZLGY",36.078611,106.216667,5577,8,"U"
8972,"Brawdy RAF Airport","Brawdy","United Kingdom","","EGDA",51.880462,-5.12148,355,0,"E"
8973,"Gaios Bay","Paxi","Greece","",\N,39.195944,20.195961,0,2,"E"
8974,"Changhai","Changhai","China","CNI","ZYCH",39.266389,122.666944,1,8,"N"
8975,"Redhill Aerodrome","Redhill","United Kingdom","KRH","EGKR",51.213612,-0.13861,221,0,"E"
8976,"Bahnhof","Bad Gastein","Austria","",\N,47.1,13.0167,3287,1,"E"
8977,"Acquafredda Station","Maratea","Italy","",\N,40,15.7167,1000,1,"E"
8978,"Victoria Station","London","United Kingdom","",\N,51.4964,-0.14391,48,0,"E"
8979,"Jiagedaqi Airport","Jiagedaqi District","China","JGD",\N,50.375,124.117,1205,-8,"N"
8980,"Chinchilla","Chinchilla","Australia","CCL","YCCA",-26.769444,150.616667,1030,10,"O"
8981,"Frazier Lake Airpark","Hollister","United States","1C9",\N,54.013333333333335,-124.76833333333333,152,-8,"A"
8982,"Hayward Executive Airport","Hayward","United States","HWD","KHWD",37.65888888888889,-122.12166666666666,52,-8,"A"
8983,"Motueka","Motueka","New Zealand","MZP","NZMK",-41.123299,172.988998,39,12,"Z"
8984,"Shute Harbour","Shute Harbour","Australia","JHQ","YSHR",-20.278299,148.757004,12,12,"O"
8985,"Enstone","Enstone","United Kingdom","","EGTN",51.928167,-1.4285,550,0,"U"
8986,"Portoferrario Cruise Terminal","Portoferrario","Italy","",\N,42.49,10.19,13,1,"E"
8987,"Pittsburgh Amtrak","Pittsburgh","United States","",\N,40.4406,-79.9961,1370,-5,"A"
8988,"Raton Amtrak","Raton","United States","",\N,36.9033,-104.4386,8800,-7,"A"
8989,"Ann Arbor Municipal Airport","Ann Arbor","United States","ARB","KARB",42.132274,-83.444418,839,-5,"A"
8990,"Myrdal Station","Myrdal","Norway","",\N,60.4418,7.0723,2844,1,"E"
8991,"Flam Station","Flam","Norway","",\N,60.5017,7.0714,6,1,"E"
8992,"Leikanger Terminal","Leikanger","Norway","",\N,61.1351,6.4723,6,1,"E"
8993,"North Sea","Gryphon FPSO","United Kingdom","","GRY1",59.35,1.57,0,0,"U"
8994,"Shepparton","Shepparton","Australia","SHT","YSHT",-36.428902,145.393005,374,10,"O"
8995,"Temora","Temora","Australia","TEM","YTEM",-34.4248,147.5104,921,10,"O"
8996,"Gayndah","Gayndah","Australia","GAH","YGAY",-25.61528,151.62083,369,10,"N"
8997,"Popondetta","Popondetta","Papua New Guinea","EIA",\N,-8.19999980927,147.850006104,311,10,"U"
8998,"Wilcannia","Wilcannia","Australia","WIO","YWCA",-31.5174999237,143.378997803,250,10,"O"
8999,"Bollards Lagoon","Bollards Lagoon Station","Australia","",\N,-28.9832259,140.852844,250,10,"O"
9000,"Delamere Range","Delamere Range","Australia","",\N,-15.7467,131.919998,200,9.5,"U"
9001,"Ivanhoe","Ivanhoe","Australia","","YIVO",-32.883301,144.309998,331,10,"O"
9002,"Menindee","Menindee","Australia","","YMED",-32.22,142.2418,164,10,"O"
9003,"Naduri","Naduri","Papua New Guinea","",\N,-8.93,147.73,900,10,"U"
9004,"Pooncarie","Pooncarie","Australia","","YPCE",-33.366699,142.587977,184,10,"O"
9005,"Wiawera Station","Wiawera station","Australia","",\N,-32.29515,140.4145,180,9.5,"O"
9006,"Tilpa","Tilpa","Australia","","YTLP",-30.556,144.251,280,10,"O"
9007,"Yarramba Station","Yarramba Station","Australia","",\N,-31.66136,140.6277,180,9.5,"O"
9008,"Reichenbach","Reichenbach im Kandertal","Switzerland","","LSGR",46.61298,7.67773,2300,2,"E"
9009,"Takayama Station","Takayama","Japan","",\N,36.1406,137.2519,2200,9,"N"
9010,"Himeji Station","Himeji","Japan","",\N,34.49395,134.412706,141,9,"U"
9011,"Miyajimaguchi Station","Miyajimaguchi","Japan","",\N,34.3122,132.3022,6,9,"U"
9012,"Miyajima Port","Miyajima","Japan","",\N,34.302043,132.32213,0,9,"U"
9013,"Brown Bluff Port","Brown Bluff","Antarctica","",\N,-63.32,-56.54,0,-3,"S"
9014,"Devil Island Port","Devil Island","Antarctica","",\N,-63.48,-57.17,0,-3,"S"
9015,"Gourdin Island Port","Gourdin Island","Antarctica","",\N,-63.12,-57.18,0,-3,"S"
9016,"Cuverville Island Port","Cuverville Island","Antarctica","",\N,-64.41,-62.38,0,-3,"S"
9017,"Neko Harbor","Neko Harbor","Antarctica","",\N,-64.5,-62.33,0,-3,"S"
9018,"Port Lockroy","Port Lockroy","Antarctica","",\N,-64.4931,-63.294,0,-3,"S"
9019,"Walker Bay","Walker Bay","Antarctica","",\N,-62.38,-60.42,0,-3,"S"
9020,"Whalers Bay","Deception Island","Antarctica","",\N,-62.5837,-60.39,0,-3,"S"
9021,"Labadee Port","Labadee","Haiti","",\N,19.4711,-72.1444,0,-5,"A"
9022,"Lagos Lagoon","Lekki","Nigeria","",\N,6.465907,3.532115,0,1,"N"
9023,"Escravos","Escravos","Nigeria","",\N,5.617203,5.187993,0,1,"U"
9024,"Volosovo","Volosovo","Russia","","XUMW",55.0683,37.4517,577,4,"N"
9025,"Bijie Feixiong Airport","Bijie","China","BFJ",\N,27.253,105.426,5250,8,"N"
9026,"Lensk","Lensk","Russia","ULK","UERL",60.723,114.825,843,10,"U"
9027,"Fairbanks Train Depot","Fairbanks","United States","",\N,64.5109,-147.4445,446,-9,"A"
9028,"Denali Train Depot","Denali","United States","",\N,63.43083,-150.31111,3733,-9,"A"
9029,"Talkeetna Train Depot","Talkeetna","United States","",\N,62.18934,-150.06177,348,-9,"A"
9030,"Anchorage Rail Depot","Anchorage","United States","",\N,61.1318,-149.5326,102,-9,"A"
9031,"Whittier Port","Whittier","United States","",\N,60.774174,-148.677649,0,-9,"A"
9032,"Qingdao Railway Station","Qingdao","China","",\N,36.063497,120.312542,45,8,"N"
9033,"Beijing South Railway Station","Beijing","China","",\N,39.5157,116.2235,144,8,"N"
9034,"Shanghai Railway Station","Shanghai","China","",\N,31.251552,121.450446,16,8,"N"
9035,"Suzhou Railway Station","Suzhou","China","",\N,31.195,120.3623,9,8,"N"
9036,"Biluty","Khamar-Daban","Russia","",\N,51.994,102.099,3000,10,"N"
9037,"Shumak","Khamar-Daban","Russia","",\N,51.964,101.867,3600,10,"N"
9038,"Shumak","Khamar-Daban","Russia","",\N,51.964,101.897,3300,10,"N"
9039,"Kitoi","Khamar-Daban","Russia","",\N,52.111,101.986,2000,10,"N"
9040,"Kitoi","Khamar-Daban","Russia","",\N,52.111,101.986,2000,10,"N"
9041,"Angasolka","Baikal","Russia","",\N,51.758,103.849,1500,10,"N"
9042,"Kavalerovo","Kavalerovo","Russia","","UHWK",44.273,135.029,660,11,"N"
9043,"Igdir","Igdir","Turkey","IGD","LTCT",39.983056,43.866389,3100,2,"E"
9044,"Sanliurfa GAP","Sanliurfa","Turkey","GNY","LTCS",37.45,38.9,2700,2,"E"
9045,"Zafer","Kutahya","Turkey","KZR","LTBZ",39.111389,30.13,3327,2,"E"
9046,"Barentsburg","Barentsburg","Svalbard","",\N,78.1006,14.1998,20,2,"U"
9047,"Piramida","Piramida","Svalbard","",\N,78.6528,16.3392,20,2,"U"
9048,"Velikiye Luki","Velikiye Luki","Russia","VLU","ULOL",56.381667,30.61,328,4,"N"
9049,"Boston Back Bay Station","Boston","United States","ZTY",\N,42.3478,-71.075,20,-5,"A"
9050,"Burlington GO Station","Burlington","Canada","",\N,43.3408282,-79.8093881,243,-5,"A"
9051,"Niagra Falls Railway Station","Niagra Falls","Canada","",\N,43.1088,-79.0634,521,-5,"A"
9052,"Niagara Falls Station","Niagara Falls","United States","",\N,43.1135,-79.0318,0,-5,"A"
9053,"Yelahanka AFB","Bangalore","India","YLK","VOYK",13.136,77.607,2912,5.5,"N"
9054,"Yeltsovka","Novosibirsk","Russia","","UNNE",55.077,82.997,617,7,"N"
9055,"Veligandu Resort","Veligandu","Maldives","",\N,4.1753,73.0037,0,6,"U"
9056,"Kuramathi","Kuramathi","Maldives","",\N,4.1525,73,0,6,"U"
9057,"Olkiombo Airstrip","Masai Mara","Kenya","","HKOK",-1.409569,35.110788,4997,3,"U"
9058,"Shanghai South Railway Station","Shanghai","China","",\N,31.154425,121.42416,13,8,"N"
9059,"Suzhou North Railway Station","Suzhou","China","",\N,31.423646,120.639045,6,8,"N"
9060,"Ulithi","Ulithi","Micronesia","ULI",\N,10.016699791,139.800003052,10,10,"O"
9061,"Mar-Kuel","Mar-Kuel","Russia","","UHHK",57.2712,132.314,200,11,"N"
9062,"Kodinsk","Kodinsk","Russia","","UNKI",58.285,99.055,200,8,"N"
9063,"Nanjing Railway Station","Nanjing","China","",\N,32.088583,118.792189,29,8,"N"
9064,"Balkanabat","Balkanabat","Turkmenistan","BKN",\N,39.481389,54.362778,7,4,"N"
9065,"Belmont Airport","Lake Macquarie","Australia","BEO","YPEC",-33.066667,151.648333,5,10,"O"
9066,"Clayton County Tara Field","Hampton","United States","4A7","K4A7",33.389099,-84.332397,874,-5,"A"
9067,"Stapleton International Airport","Denver","United States","","DENX",39.779255,-104.88184,5333,-7,"A"
9068,"Brampton Island","Brampton Island","Australia","BMP","YBPI",-20.804444402073734,149.2794443842832,5,10,"O"
9069,"Shanghai Maglev Long Yang Road Station","Shanghai","China","",\N,31.202854,121.558335,16,8,"U"
9070,"Nuernberg Port","Nuernberg","Germany","",\N,49.392222,11.061944,990,2,"E"
9071,"NAS Alameda","Alameda","United States","NGZ","KNGZ",37.7861,-122.3186,10,-9,"U"
9072,"Stein","Stein","Germany","",\N,49.406324,11.003054,984,1,"E"
9073,"Dippenricht Heliport","Dippenricht","Germany","",\N,49.253972,11.363216,1400,1,"E"
9074,"Lagoon Cove water aerodrome","Lagoon Cove","Canada","",\N,50.6,-126.3167,0,-8,"A"
9075,"Endelage West","Endelage","Denmark","","EKEL",55.75616,10.250716,0,1,"E"
9076,"Flugplatz St. Johann in Tirol","St. Johann in Tirol","Austria","","LOIJ",47.517222,12.435833,2198,1,"E"
9077,"Echo Bay water aerodrome","Echo Bay","Canada","",\N,50.45,-126.29,0,-8,"A"
9078,"Kingcome water aerodrome","Kingcome","Canada","",\N,50.58,-128.11,0,-8,"A"
9079,"Thalmaessing Waizenhofen","Thalmaessing","Germany","","EDPW",49.064444,11.208056,1893,1,"E"
9080,"Tcentralny","Taganrog","Russia","","XRRC",47.246,38.84,183,4,"N"
9081,"Buffalo Exchange Street Station","Buffalo","United States","",\N,42.8783,-78.8738,600,-5,"A"
9082,"Wilmington Amtrak Station","Wilmington","United States","ZWI",\N,39.736667,-75.551667,0,-5,"A"
9083,"Vagaru Island","Viceroy Resort","Maldives","",\N,6.089305,73.203857,5,5,"N"
9084,"Fort McMurray - Mildred Lake Airport","Fort McMurray","Canada","NML",\N,57.055599,-111.573997,1046,-7,"A"
9085,"Genoa Cruise Terminal","Genova","Italy","",\N,44.40725,8.876301,0,1,"E"
9086,"Suzhou Industrial Park Railway Station","Suzhou","China","",\N,31.344444,120.706667,7,8,"N"
9087,"Elkhart Municipal","Elkhart","United States","EKI",\N,41.719444,-86.003333,778,-5,"A"
9088,"Cochrane","Cochrane","Canada","YCN","CYCN",49.106667,-81.015278,852,-5,"A"
9089,"Aeroporto Estadual Arthur Siqueira","Braganca Paulista","Brazil","BJP","SBBP",-22.979167,-46.5375,3,-3,"S"
9090,"Brusselton","Brusselton","Australia","BQB","YBLN",-33.687222,115.400278,55,8,"O"
9091,"Srednekolymsk","Srednekolymsk","Russia","","UESK",67.2748,153.4258,98,12,"N"
9092,"Garowe - International","Garowe","Somalia","GGR",\N,8.24,48.29,553,3,"N"
9093,"Salt Lake City Intermodal Hub","Salt Lake City","United States","","SLCR",40.762778,-111.908333,0,-7,"A"
9094,"Thorny Bush Game Lodge Airport","Hoedspruit","South Africa","",\N,-24.414722,31.165001,1900,2,"U"
9095,"Inverell","Inverell","Australia","IVR","YIVL",-29.888333,151.144167,2667,10,"O"
9096,"Glen Innes","Glen Innes","Australia","GLI","YGLI",-29.675,151.69,3433,10,"O"
9097,"Hangzhou Railway Station","Hangzhou","China","",\N,30.246,120.1784,39,8,"N"
9098,"Sorrento Valley Station","San Diego","United States","",\N,32.903,-117.225,150,-8,"A"
9099,"San Diego Union Station","San Diego","United States","",\N,32.716944,-117.168611,50,-8,"A"
9100,"Petersdorf","Ansbach","Germany","","EDQF",49.216,10.4026,1370,1,"E"
9101,"Venice-Venezia Mestre","Venice","Italy","",\N,45.48189,12.231923,0,1,"E"
9102,"Immokalee ","Immokalee ","United States","IMM","KIMM",26.433889,-81.401389,37,-5,"A"
9103,"Maranggo","Sulawesi Tenggara","Indonesia","","WA44",-5.76457,123.917,169,8,"N"
9104,"Rancho San Simeon Airport","Cambria","United States","","66CA",35.607748,-121.110192,320,-8,"A"
9105,"Port Canaveral","Brevard County","United States","",\N,28.4113919,-80.6081066,0,-4,"A"
9106,"Cococay","Ragged Island","Bahamas","",\N,22.148056,-75.693333,0,-4,"A"
9107,"Yichun Mingyueshan Airport","Yichun","China","YIC","ZSYC",27.8033,114.3081,131,8,"U"
9108,"Costa maya port","Costa maya","Mexico","",\N,18.714,-87.709,0,-5,"U"
9109,"Costa maya port","Costa maya","Mexico","",\N,18.714,-87.709,0,-5,"U"
9110,"Fajardo","Fajardo","Puerto Rico","",\N,18.2,-65.37,0,-4,"U"
9111,"Billings field","Essex","Canada","",\N,42.199,-82.465,650,-5,"U"
9112,"Hiberico Offshore Platform","Cuidad del Carmen","Mexico","",\N,19.398611,-92.016111,0,-6,"A"
9113,"Alpha offshore platform","Cork","Ireland","",\N,51.400377,-7.901464,0,0,"E"
9114,"Peterhof Helicopter Landing area","Saint-Petersburg","Russia","",\N,59.890529,29.894609,0,4,"U"
9115,"Gogland Helicopter Landing","Gogland Island","Russia","",\N,60.011662,27.008236,0,4,"U"
9116,"New Carrollton Rail Station","New Carrollton","United States","ZRZ",\N,38.948,-76.8719,39,-5,"A"
9117,"Ship Channel Cay","Ship Channel Cay","Bahamas","",\N,24.819302,-76.824331,0,-5,"A"
9118,"Walkersville Train Depot","Walkersville","United States","",\N,39.48618333333334,-77.35475,308,-5,"A"
9119,"Seattle Pier 69 - Victoria Clipper","Seattle","United States","",\N,47.613801,-122.354019,7,-8,"A"
9120,"Dinwiddie County Airport","Petersburg","United States","PTB","KPTB",37.18375,-77.507388,193,-5,"A"
9121,"Mount Aso helipad","Aso","Japan","",\N,32.884308,131.064638,1350,9,"N"
9122,"Mount Aso helipad","Aso","Japan","",\N,32.884308,131.064638,1350,9,"N"
9123,"Kasongo Lunda","Kasongo","Congo (Kinshasa)","KGN","FZOK",-6.583333,16.816668,0,1,"U"
9124,"McMurdo Station Pegasus Field","McMurdo Station","Antarctica","","NZPG",-77.963333,166.524444,18,12,"Z"
9125,"Klatovy","Klatovy","Czech Republic","","LKKT",49.418327,13.321944,1299,1,"E"
9126,"Sheboygan County Memorial Airport","Sheboygan","United States","SBM","KSBM",43.7696,-87.851402,755,-6,"A"
9127,"Dave Forest Airport","Cloudbreak","Australia","KFE","YFDF",-22.291945,119.437225,1555,8,"N"
9128,"Ephraim-Gibraltar Airport","Ephraim","United States","3D2",\N,45.1354167,-87.1879444,773,-5,"A"
9129,"Kangel Danda Airport","Kangel Danda","Nepal","","VNKL",27.41667,86.64167,6880,5.45,"N"
9130,"Man Maya Airport","Khanidanda","Nepal","","VNKD",27.19028,86.77167,4435,5.45,"N"
9131,"Talcha Airport","Rara National Park","Nepal","","VNT1",29.43,81,0,5.45,"N"
9132,"Bajura Airport","Bajura","Nepal","BJU","VNBR",29.50611,81.66944,4606,5.45,"N"
9133,"Walkersville Turnaround","Frederick","United States","",\N,39.4449,-77.4012,302,-5,"A"
9134,"Airport Chara","Chara","Russia","","UIAR",56.912765,118.271007,671,10,"N"
9135,"Tho Xuan Airport","Thanh Hoa","Vietnam","THD",\N,19.90167,105.46778,0,7,"N"
9136,"Herning","Herning","Denmark","","EKHG",56.197224,9.147222,136,1,"E"
9137,"Sonderlandeplatz Schleissheim","Schleissheim","Germany","","EDNX",48.239167,11.561389,1594,1,"E"
9138,"Pinal Airpark","Marana","United States","MZJ","KMZJ",32.509722,-111.325278,1893,-7,"N"
9139,"Glendale Municipal Airport","Glendale","United States","GEU","KGEU",33.5269167,-112.2951389,1071,-7,"N"
9140,"Safford Regional Airport","Safford","United States","SAD","KSAD",32.8533333,-109.6350833,3179,-7,"N"
9141,"Verden Scharnhorst","Verden","Germany","","EDWV",52.965278,9.282778,144,1,"E"
9142,"Mara North","Masai Mara","Kenya","",\N,-1.142636,35.139856,5468,3,"N"
9143,"Fort Lauderdale-Hollywood International Airport Station at Dania Beach","Dania Beach","United States","",\N,26.061933,-80.16565,9,-5,"A"
9144,"Deerfield Beach Station","Deerfield Beach","United States","",\N,26.316944,-80.122222,13,-5,"A"
9145,"Lecheo","Korinthos","Greece","",\N,37.92592,22.860228,60,2,"E"
9146,"Solomon Airport","Solomon","Australia","SLJ","YSOL",-22.255,117.85,2008,8,"N"
9147,"Bruck-Nittenau","Nittenau","Germany","","EDNM",49.2225,12.2967,1161,1,"E"
9148,"Kerama Airport","Kerama","Japan","KJP","ROKR",26.168333,127.293333,156,9,"N"
9149,"Americana","Americana","Brazil","","SDAI",-22.7558,-47.269402,2085,-3,"S"
9150,"Brussels Gare Centrale","Brussels","Belgium","",\N,50.84548,4.357174,43,1,"E"
9151,"Comino Airport","Comino","Malta","JCO",\N,36.016,14.333,201,1,"E"
9152,"Udine stazione","Udine","Italy","",\N,46.04,13.14,1,1,"E"
9153,"Bratislava Hlavna Stanica","Bratislava","Slovakia","",\N,48.08,17.06,1,1,"E"
9154,"Depati Parbo Airport","Sungai Penuh","Indonesia","",\N,1.881071,101.442261,2000,7,"U"
9155,"Kolosovka","Kolosovka","Russia","",\N,56.2752,73.3641,100,6,"U"
9156,"Ekibastuz airport","Ekibastuz","Kazakhstan","","UASB",51.5723,75.2613,776,6,"N"
9157,"Znamenka airport","Znamenskoe","Russia","",\N,57.1523,73.7512,432,7,"E"
9158,"Tevriz airport","Tevriz","Russia","",\N,57.5243,72.4653,456,7,"U"
9159,"Besobe airport","Bestobe","Kazakhstan","",\N,52.4986,73.1434,645,6,"N"
9160,"Stepnogorsk airport","Stepnogorsk","Kazakhstan","",\N,52.3575,71.7865,432,6,"N"
9161,"Bekdash airport","Karabogaz","Turkmenistan","",\N,41.5397,52.5711,12,5,"U"
9162,"Adamovka","Adamovka","Russia","","UWOD",51.4929,59.92752,931,6,"N"
9163,"Kvarkeno","Kvarkeno","Russia","","UWOH",52.078333,59.683333,305,6,"U"
9164,"Sikeston Memorial Municipal","Sikeston","United States","SIK","KSIK",36.8988889,-89.56175,315,-6,"A"
9165,"Nynashamn Ferry Port","Nynashamn","Sweden","NYN",\N,58.9,17.95,0,1,"E"
9166,"Rodby Port","Rodby","Denmark","ROD",\N,54.65,11.35,0,1,"E"
9167,"Puttgarden","Puttgarden","Germany","QUA",\N,54.5,11.2167,0,1,"E"
9168,"Sonevafushi","Sonevafushi","Maldives","",\N,5.112336,73.07805,0,5,"U"
9169,"Royal Island Resort","Royal Island Resort","Maldives","",\N,5.162911,73.053578,0,5,"U"
9170,"Royal Island Resort","Royal Island Resort","Maldives","",\N,5.162911,73.053578,0,5,"U"
9171,"Port of Belfast","Belfast","United Kingdom","BE2",\N,54.6178,-5.9017,0,0,"E"
9172,"Stranraer Ferry Port","Stranraer","United Kingdom","SR2",\N,54.902,-5.027,0,0,"E"
9173,"Oceano County Airport","Oceano","United States","L52","KL52",35.10147222,-120.62236111,14,-8,"U"
9174,"Eupen - Rail","Eupen","Belgium","",\N,50.3743,6.0201,1000,1,"E"
9175,"Tetiaroa Airport","Tetiaroa","French Polynesia","TTI","NTTE",-17.0132999,-149.5870056,0,-10,"N"
9176,"Osnabrueck Hbf","Osnabrueck","Germany","",\N,52.272778,8.061111,207,1,"E"
9177,"Hannover Hbf","Hannover","Germany","",\N,52.366667,9.716667,180,1,"E"
9178,"Floyd Bennett Memorial Airport","Queensbury","United States","GFL","KGFL",43.341222,-73.610305,328,5,"A"
9179,"Saratoga County Airport","Ballston Spa","United States","5B2","K5B2",43.050722,-73.861638,433,5,"A"
9180,"Burrello-Mechanicville Airport","Mechanicville","United States","K27",\N,42.893133,-73.66845,195,5,"A"
9181,"Tampa Padang","Mamuju","Indonesia","MJU","WAWJ",-2.583333,119.033333,2,8,"N"
9182,"Crystal River","Crystal River","United States","CGC","KCGC",28.8676111,-82.5741111,9,-5,"A"
9183,"Martin State","Baltimore","United States","MTN","KMTN",39.3256667,-76.4137778,22,-5,"A"
9184,"Lincoln Regional Airport Karl Harder Field","Lincoln","United States","LHM","KLHM",38.9091667,-121.3513333,121,-8,"A"
9185,"Fostoria Metropolitan Airport","Fostoria","United States","FZI","KFZI",41.1908333,-83.3930833,752,-5,"A"
9186,"Eastern Slopes Regional","Fryeburg","United States","IZG","KIZG",43.9911389,-70.9478889,455,-5,"A"
9187,"Coral Creek","Placida","United States","","FA54",26.8537417,-82.2526028,8,-5,"A"
9188,"Lakefront","New Orleans","United States","NEW","KNEW",30.0424167,-90.02825,7,-6,"A"
9189,"Pappy Boyington","Coeur d'Alene","United States","COE","KCOE",47.7743056,-116.8195833,2320,-8,"A"
9190,"Beaumont Municipal","Beaumont","United States","BMT","KBMT",30.0702044,-94.2150967,32,-6,"A"
9191,"Vermilion Regional","Danville","United States","DNV","KDNV",40.1996944,-87.5955278,696,-6,"A"
9192,"Varberg Railway Station","Varberg","Sweden","",\N,57.107118,12.2520907,0,1,"E"
9193,"Coonabarabran","Coonabarabran","Australia","COJ","YCBB",-31.337221,149.27194,2117,11,"O"
9194,"Toronto Union Station","Toronto","Canada","",\N,43.645278,-79.380556,249,-5,"A"
9195,"Windsor Station","Windsor","Canada","",\N,42.3254,-83.0092,623,-5,"A"
9196,"Dearborn Amtrak Station","Dearborn","United States","",\N,42.312222,-83.198611,591,-5,"A"
9197,"Merritt Island Airport","Cocoa","United States","COI",\N,28.3416111,-80.6854722,6,-5,"A"
9198,"Valkaria Municipal","Valkaria","United States","X59",\N,27.9608611,-80.5583333,26,-5,"A"
9199,"Space Coast Reg'l Airport","Titusville","United States","TIX",\N,28.5148,-80.7992278,34,-5,"A"
9200,"Sebastian Municipal","Sebastian","United States","X26",\N,27.81325,-80.4955833,21,-5,"A"
9201,"Terrace Bay","Terrace Bay","Namibia","TCY",\N,-19.9705556,13.0244444,0,2,"N"
9202,"Nxabega Airstrip","Nxabega","Botswana","","FB57",-19.5147,22.77665,3100,2,"U"
9203,"Kelani River-Peliyagoda Waterdrome","Colombo","Sri Lanka","KEZ",\N,6.967463700288899,79.88197231301456,28,5.5,"N"
9204,"Polgolla Reservoir","Kandy","Sri Lanka","KDZ",\N,7.325125009685146,80.64211571225314,1472,5.5,"N"
9205,"Bumi","Bumi Hills","Zimbabwe","","FVBM",-16.81685727384918,28.348887920401467,1633,2,"N"
9206,"Priv","Lagos","Portugal","",\N,37.096744,-8.663535,0,0,"E"
9207,"Warnervale Airport","Warnervale Airport","Australia","","YWVA",-33.240833,151.427778,25,10,"U"
9208,"Boat","Hati","Haiti","",\N,19.15,-73,0,-5,"N"
9209,"Boat","Hati","Haiti","",\N,19.1,-73,0,-5,"N"
9210,"Cartitas","Hati","Haiti","",\N,18.55,-72.3,50,-5,"N"
9211,"Boat","Hati","Haiti","",\N,19,-73,0,-5,"N"
9212,"Hospital","Port Au Prince","Haiti","",\N,18.5501,-72.3001,50,-5,"N"
9213,"Clinic","Saint Marc","Haiti","",\N,19.1001,-72.7001,30,-5,"N"
9214,"Village","Dodard","Haiti","",\N,19.0661,-72.3001,2639,-5,"N"
9215,"Bouarfa International","Bouarfa","Morocco","","GMFB",32.518889,-1.9775,3564,0,"N"
9216,"Beijing West Railway Station","Beijing","China","",\N,39.8955463,116.3201722,167,8,"N"
9217,"Hung Hom Railway Station","Hong Kong","Hong Kong","",\N,22.303067,114.18152699999996,39,8,"N"
9218,"NYERI","NYERI","Kenya","NYE","HKNI",-0.34,36.91,5830,3,"U"
9219,"Angaga Seaplane Dock","Alifu Dhaalu Atoll","Maldives","",\N,3.652859,72.824086,2,5,"N"
9220,"Madoogali Seaplane Dock","Alifu Atoll","Maldives","",\N,4.0956,72.753439,2,5,"N"
9221,"Effingham Memorial Airport","Effingham","United States","1H2","KEFH",39.07,-88.534,585,-5,"A"
9222,"Stoke","Stoke-on-Trent","United Kingdom","",\N,53,2.18333,500,0,"E"
9223,"Tobermory Dock","Tobermory","Canada","",\N,45.2578121,-81.6637838,1335,-5,"A"
9224,"South Baymouth Docks","South Baymouth","Canada","",\N,45.5564479,-82.0071535,1335,-5,"A"
9225,"Andrau Airport","Houston","United States","AAP","KAAP",29.43,-95.35,80,-6,"A"
9226,"Flying Cloud Airport","Eden Prairie","United States","FCM","KFCM",44.4938,-93.2726,906,-6,"A"
9227,"Likoma Island Airport","Likoma Island","Malawi","LIX","FWLK",-12.083,34.733001,1600,2,"N"
9228,"Johnson County Airport","Olathe","United States","OJC","KOJC",38.5051,-94.4415,1096,-6,"A"
9229,"Sigiriya Airport","Sigiriya","Sri Lanka","GIU","VCCS",7.57212,80.43412,630,5.5,"N"
9230,"Westbahnhoff","Vienna","Austria","XWW",\N,48.196667,16.337778,600,1,"E"
9231,"York Mills GO Bus Terminal","York Mills","Canada","",\N,43.745,-79.406389,449,-5,"A"
9232,"Neumuenster","Neumuenster","Germany","EUM","EDHN",54.079069,9.941719,69,1,"E"
9233,"Tak","Tak","Thailand","TKT","VTPT",16.89611,99.25361,478,7,"N"
9234,"Marshall Aiport","Marshall","United States","",\N,44.4469,95.7883,354,-5,"A"
9235,"Meedhuffushi Seaplane dock","Meedhuffushi Island","Maldives","",\N,3.003899,73.000696,0,5,"U"
9236,"Lake Simcoe","Barrie-Orillia","Canada","YLS","CYLS",44.487778,-79.559444,972,-5,"A"
9237,"Huronia","Midland","Canada","YEE","CYEE",44.684722,-79.929167,773,-5,"A"
9238,"Markham","Markham","Canada","NU8","CNU8",43.935278,-79.263333,807,-5,"A"
9239,"Stanhope","Haliburton","Canada","ND4","CND4",45.110833,-78.64,1066,-5,"A"
9240,"Lindsay","Lindsay","Canada","NF4","CNF4",44.364722,-78.783889,895,-5,"A"
9241,"Niagara District","Saint Catherines","Canada","YCM","CYSN",43.191667,-79.171111,321,-5,"A"
9242,"Apopka","Orlando","United States","X04",\N,28.707222,-81.581667,143,-5,"A"
9243,"Edenvale","Edenvale","Canada","","CNV8",44.438889,-79.965278,718,-5,"A"
9244,"Orillia","Orillia","Canada","","CNJ4",44.683333,-79.316667,725,-5,"A"
9245,"Holland Landing","Holland Landing","Canada","","CLA4",44.089444,-79.495,855,-5,"A"
9246,"Kent","Chatham","Canada","XCM","CNZ3",42.306111,-82.081667,645,-5,"A"
9247,"Parry Sound","Parry Sound","Canada","YPD","CNK4",45.253889,-79.827778,830,-5,"A"
9248,"Saugeen","Hanover","Canada","","CYHS",44.158056,-81.063333,940,-5,"A"
9249,"Brandywine Airport","West Goshen Township","United States","OQN","KOQN",39.5924,-75.3455,466,-5,"A"
9250,"Batoka","Livingston","Zambia","",\N,-17.53,25.5,3235,2,"U"
9251,"Manassas","Manassas","United States","MNZ","KHEF",38.721389,-77.515556,192,-4,"A"
9252,"Texas Gulf Coast Regional","Angleton","United States","","KLBX",29.1086389,-95.4620833,25,-5,"A"
9253,"Bubovice","Bubovice","Czech Republic","","LKBU",49.974422,14.180801,1385,1,"E"
9254,"Shenzhen Railway Station","Shenzhen","China","",\N,22.5344,114.1121,67,8,"N"
9255,"Rakkestad Flyplass","Rakkestad","Norway","","ENRK",59.3975,11.3469,381,1,"E"
9256,"Johnstown Amtrak","Johnstown","United States","",\N,40.3297222,-78.9222222,1142,-5,"A"
9257,"Harvey Field S43","Snohomish WA","United States","",\N,47.904451,-122.102529,22,-8,"A"
9258,"Urgup","Urgup","Turkey","",\N,38.606239,34.860276,4000,2,"E"
9259,"Dolo Ado","Dolo Ado","Ethiopia","",\N,4.175858,42.034083,630,3,"U"
9260,"AYaou","Yaou","French Guiana","",\N,3.724286,-53.974698,0,-3,"N"
9261,"Camop","Camopi","French Guiana","",\N,3.17004,-52.337801,0,-3,"N"
9262,"CApat","Croisee d Apatou","French Guiana","",\N,5.04305,-54.0425,0,-3,"N"
9263,"Citro","Citron","French Guiana","",\N,4.730072,-53.95158,0,-3,"N"
9264,"DieuM","Dieu Merci","French Guiana","",\N,4.782964,-53.260539,0,-3,"N"
9265,"Dorli","Dorlin","French Guiana","",\N,3.7353,-53.5287,0,-3,"N"
9266,"Elyse","Elysee","French Guiana","",\N,4.75,-54.05,0,-3,"N"
9267,"Herap","Morsbach","France","",\N,49.160592,6.864892,0,1,"E"
9268,"OSMSE","Saint Elie","French Guiana","",\N,4.81444,-53.28833,0,-3,"N"
9269,"Prevo","Remire","French Guiana","",\N,4.89333,-52.29222,0,-3,"N"
9270,"Sisli Belediyesi Evlendirme Dairesi Heliport","Istanbul","Turkey","",\N,41.0410805,28.9923138,100,2,"E"
9271,"Kadikoy Ispark Heliport","Istanbul","Turkey","",\N,40.989305,29.018833,100,2,"E"
9272,"Bingol","Bingol","Turkey","BGG","LTCU",38.86111,40.5925,3490,2,"E"
9273,"Uzunyazi","Kastamonu","Turkey","KFS","LTAL",41.316944,33.796111,3520,2,"E"
9274,"Okawango Lodge","Okawango","Botswana","",\N,-19.25,23.09,3100,2,"N"
9275,"Kai Tak","Hong Kong","Hong Kong","","HKGX",22.317883,114.202108,50,7,"U"
9276,"Elstree","Elstree","United Kingdom","","EGTR",51.4807,-0.00093,250,0,"E"
9277,"Sandtoft Airfield","Sandtoft","United Kingdom","","EGCF",53.559444,-0.858332,11,0,"E"
9278,"Bourne Park","Hurtsbourne Tarrant","United Kingdom","",\N,51.264449,-1.461975,550,0,"E"
9279,"Hite Airport","Hanksville","United States","UT3",\N,37.8916547,-110.3840289,3840,-7,"A"
9280,"Dieppe Ferry Port","Dieppe","France","",\N,49.933616,1.088039,0,1,"E"
9281,"Newhaven Ferry Port","Newhaven","United Kingdom","",\N,50.790385,0.054551,0,0,"E"
9282,"Ollantaytambo Train Station","Ollantaytambo","Peru","",\N,-13.263155,-72.270291,9160,-5,"N"
9283,"Aguas Calientes Train Station","Aguas Calientes","Peru","",\N,-13.1556,-72.5238,6693,-5,"N"
9284,"Poroy Train Station","Cusco","Peru","",\N,-13.4944,-72.0421,11710,-5,"N"
9285,"Aberdeen Harbour","Aberdeen","United Kingdom","",\N,57.13967,-2.07467,0,0,"E"
9286,"Lerwick Harbour","Lerwick","United Kingdom","",\N,60.15,-1.13333,0,0,"E"
9287,"Torshavn Harbour","Torshavn","Faroe Islands","",\N,62.0057,-6.7717,0,0,"E"
9288,"Seydisfjordur","Seydisfjordur","Iceland","",\N,65.26016,-14.00905,0,0,"E"
9289,"Queen Street Station","Glasgow","United Kingdom","GLQ",\N,55.8622,-4.2512,50,0,"E"
9290,"Torit","Torit","South Sudan","","HSTR",4.411111,32.578889,2018,3,"N"
9291,"Falmouth Port","Falmouth","Jamaica","",\N,18.492762,-77.649675,0,-5,"N"
9292,"Cozumel Port","Cozumel","Mexico","",\N,20.510439,-86.94925,0,-5,"A"
9293,"Philipsburg Port","Philipsburg","Netherlands Antilles","",\N,18.012868,-63.045242,0,-4,"N"
9294,"Basseterre Port","Basseterre","Saint Kitts and Nevis","",\N,17.290464,-62.709473,0,-4,"N"
9295,"Charlotte Amalie Port","Charlotte Amalie","Virgin Islands","",\N,18.335431,-64.926824,0,-4,"N"
9296,"San Juan Port","San Juan","Puerto Rico","",\N,18.458992,-66.097693,0,-4,"N"
9297,"Santa Barbara Train Station","Santa Barbara","United States","",\N,34.413611,-119.691667,8,-8,"A"
9298,"Eugene Amtrak Station","Eugene","United States","",\N,44.055062,-123.092372,426,-8,"A"
9299,"Lincolnville GO Station","Lincolnville","Canada","",\N,43.995278,-79.233333,873,-5,"A"
9300,"Mormugao-Goa Port","Mormugao","India","",\N,15.4,73.8,0,5.5,"N"
9301,"Cochin Port","Cochin","India","",\N,9.58,76.14,0,5.5,"N"
9302,"Penang Cruise Terminal","Penang","Malaysia","",\N,5.418828,100.345804,0,8,"N"
9303,"Port Klang-Kuala Lumpur Cruise Terminal","Port Klang","Malaysia","",\N,2.984629,101.336839,0,8,"N"
9304,"Singapore Cruise Terminal","Singapore","Singapore","",\N,1.264185,103.819821,0,8,"N"
9305,"Shelby County Airport","Shelbyville","United States","2H0","K2H0",39.410556,-88.845556,550,-6,"A"
9306,"Illinois Terminal","Champaign","United States","",\N,40.1155,-88.2411,732,-6,"A"
9307,"Mattoon Amtrak","Mattoon","United States","",\N,39.4828,-88.3759,733,-6,"A"
9308,"Dawu","Lvliang","China","LLV",\N,37.683333,111.142778,3020,8,"N"
9309,"Delft Central","Delft","Netherlands","",\N,52.006667,4.356667,0,1,"E"
9310,"Yading Daocheng","Daocheng","China","DCY","ZUDC",29.3231,100.0533,14472,8,"N"
9311,"Gannan","Xiahe city","China","GXH","ZLXH",34.4909,102.3719,10466,8,"N"
9312,"Komandoo","Komandoo","Maldives","",\N,5.494003,73.424183,0,4.5,"N"
9313,"Komandoo","Komandoo","Maldives","",\N,5.494003,73.424183,0,4.5,"N"
9314,"Meck Island Airstrip","Meck Island","Marshall Islands","",\N,9,167.726944,10,12,"Z"
9315,"Sormovo","Nizhny Novgorod","Russia","","XUDS",56.1906,43.4742,210,4,"N"
9316,"Grand Canyon West Airport","Peach Springs","United States","1G4",\N,35.899904,-113.815674,4813,-7,"A"
9317,"Vangso","Vangso","Sweden","","ESSZ",59.13333,17.25,10,2,"E"
9318,"Yaroslavsky Station","Moscow","Russia","",\N,55.776,37.658,400,4,"N"
9319,"Railway Station","Perm","Russia","",\N,58.0203,56.2525,558,6,"N"
9320,"Railway Station","Novosibirsk","Russia","",\N,55.0188,82.9339,531,7,"N"
9321,"Railway Station","Ulan Bator","Mongolia","",\N,47.92,106.92,4300,8,"N"
9322,"Main Station","Beijing","China","",\N,39.9,116.421,130,8,"N"
9323,"Railway Station","Irkutsk","Russia","",\N,52.3122,104.2958,1305,9,"N"
9324,"Kuredu ","Kuredu","Maldives","",\N,5.3244,73.3756,10,5,"U"
9325,"Heliport NUS","Umea","Sweden","",\N,63.817,20.2981,100,2,"E"
9326,"Heliport SU","Sundsvall","Sweden","",\N,62.4077,17.3024,10,2,"E"
9327,"Comiso","Comiso","Italy","CIY","LICB",37,14.6144,756,1,"E"
9328,"Leroo La Tau","Leroo La Tau","Botswana","",\N,-20.422617,24.517433,1000,2,"U"
9329,"Xaxanaka","Xaxanaka","Botswana","",\N,-19.198083,23.431383,1000,2,"U"
9330,"Xugana","Xugana","Botswana","",\N,-19.068,23.10015,1000,2,"U"
9331,"Nxamaseri","Nxamaseri","Botswana","",\N,-18.597283,21.999267,1000,2,"U"
9332,"Kwando","Kwando","Botswana","",\N,-18.208717,23.396733,1000,2,"U"
9333,"Boston North Station","Boston","United States","",\N,42.366235,-71.061122,141,-5,"A"
9334,"Rockport Station","Rockport","United States","",\N,42.6558328,-70.6266667,77,-5,"A"
9335,"Salem Station","Salem","United States","",\N,42.5249995,-70.8958333,26,-5,"A"
9336,"Salem Ferry Dock","Salem","United States","",\N,42.522421,-70.881607,26,-5,"A"
9337,"Long Wharf","Boston","United States","",\N,42.36024,-71.048105,16,-5,"A"
9338,"Joliet Union Station","Joliet","United States","",\N,41.5244,-88.0795,532,-6,"A"
9339,"Laraway Road","New Lenox","United States","",\N,41.485,-87.9596,703,-6,"A"
9340,"Lasalle Station","Chicago","United States","",\N,41.875,-87.632,592,-6,"A"
9341,"Waterloo International","London","United Kingdom","",\N,51.5031,-0.1147,10,0,"E"
9342,"Norfolk Station","Norfolk","United States","",\N,36.843233,-76.275952,16,-5,"A"
9343,"London Railway Station","London","Canada","",\N,42.9819,-81.2464,0,-5,"A"
9344,"Gloucester Station","Gloucester","United States","",\N,42.61666666666667,-70.66833333333334,50,-5,"A"
9345,"Kitchener Bus Terminal","Kitchener","Canada","",\N,43.44968,-80.49222,1083,-5,"A"
9346,"Gare du Palais","Quebec","Canada","",\N,46.8174,-71.2139,13,-5,"A"
9347,"Johnstown Amtrak","Johnstown","United States","",\N,40.3296,-78.9219,1168,-5,"A"
9348,"Enumclaw Airport","Enumclaw","United States","","WA77",47.1956569,-122.0220561,738,-7,"A"
9349,"Rock Airport","Tarentum","United States","9G1",\N,40.6035463,-79.8261189,1063,-5,"A"
9350,"Grand Central Terminal","New York","United States","",\N,40.752726,-73.977229,70,-5,"A"
9351,"Tremont","New York","United States","",\N,40.847301,-73.89955,200,-5,"A"
9352,"Plum Island Airport","Newburyport","United States","2B2",\N,42.7953611,-70.8394444,11,-5,"A"
9353,"Brooks Camp","Brooks Camp","United States","",\N,58.556539,-155.777311,100,-10,"A"
9354,"Kulik Lake Airport","Kulik Lake","United States","LKK",\N,58.96591,-155.108089,1000,-10,"U"
9355,"Central Station","Glasgow","United Kingdom","ZGG",\N,55.858,-4.258,25,0,"E"
9356,"Euston Station","London","United Kingdom","QQU",\N,51.5284,-0.1331,89,0,"E"
9357,"Waterloo International","London","United Kingdom","QQW",\N,51.5031,-0.1147,10,0,"E"
9358,"Belorussky Station","Moscow","Russia","",\N,55.7764,37.5803,400,4,"N"
9359,"Railway Station","Omsk","Russia","",\N,54.9833,73.3667,285,7,"N"
9360,"Railway Station","Krasnoyarsk","Russia","",\N,56.0167,93.0667,446,8,"N"
9361,"Railway Station","Naushki","Russia","",\N,50.3827,106.1056,1975,9,"N"
9362,"Railway Station","Erlian","China","",\N,43.65,111.9833,3159,8,"N"
9363,"Guangzhoudong Railway Station","Guangzhou","China","",\N,23.149554,113.32479,0,8,"U"
9364,"Domodedovo","Moscow","Russia","",\N,55.442,37.763,207,4,"U"
9365,"Levashovo","St. Petersburg","Russia","","XLLV",60.08738,30.19152,59,4,"E"
9366,"Kettle Falls Lodge","Minaki","Canada","",\N,50.349812,-94.583456,180,-6,"A"
9367,"Severobajkalsk Port","Severobajkalsk","Russia","",\N,55.4209,109.3225,500,9,"U"
9368,"Vanino-Port","Vanino","Russia","",\N,49.093,140.285,20,11,"U"
9369,"Holmsk-Port","Holmsk","Russia","",\N,47.040278,142.043056,29,11,"U"
9370,"Nogliki","Nogliki","Russia","",\N,51.816667,143.116667,10,11,"U"
9371,"Markovo Airport","Markovo","Russia","KVM","UHMO",64.665278,170.414167,89,12,"E"
9372,"Seymchan Airport","Seymchan","Russia","","UHMS",62.919167,152.421667,679,12,"E"
9373,"Zyryanka West Airport","Zyryanka","Russia","ZKP","UESU",65.736389,150.700278,118,12,"E"
9374,"Susuman Airport","Susuman","Russia","","UHMH",62.767222,148.146111,2129,12,"E"
9375,"OYMYAKON","OYMYAKON","Russia","","UEMY",63.45,142.783333,2431,11,"E"
9376,"Ust-Maya Airport","Ust-Maya","Russia","UMS","UEMU",60.358056,134.437778,561,10,"E"
9377,"Aldan Airport","Aldan","Russia","ADH","UEEA",58.603056,125.407222,2241,10,"E"
9378,"Olekminsk Airport","Olekminsk","Russia","","UEMO",60.399167,120.464167,426,10,"E"
9379,"Vitim Airport","Vitim","Russia","","UERT",59.457778,112.562778,610,10,"E"
9380,"Pellworm","Pellworm","Germany","","EDHP",54.536431,8.67994,10,1,"E"
9381,"Tynda","Tynda","Russia","",\N,55.1512,124.716667,350,10,"U"
9382,"Tommot","Tommot","Russia","",\N,58.966667,126.266667,280,9,"U"
9383,"Etretat","Etretat","France","",\N,49.701,0.205,102,1,"E"
9384,"Le Havre","Le Havre","France","",\N,49.4901,0.1001,13,1,"E"
9385,"Weimar","Weimar","Germany","",\N,50.983333,11.316667,208,1,"E"
9386,"Nalati","Xinyuan","China","NLT","ZWNL",43.433056,83.380278,0,8,"U"
9387,"Port Alsworth Airport","Port alsworth","United States","PTA","PALJ",60.208281,-154.306586,253,-9,"A"
9388,"Fontaine Airport","Belfort","France","BOR","LFSQ",47.6556015,7.0108299,3663,2,"E"
9389,"Pampulha","Belo Horizonte","Brazil","BHZ",\N,-19.8517,-43.9508,8708,-3,"S"
9390,"Fairfield County Airport","Winnsboro","United States","FDW","KFDW",34.315472,-81.108806,577,-4,"A"
9391,"Obock","Obock","Djibouti","OBC","HDOB",11.968333,43.278611,69,3,"N"
9392,"Tadjoura","Tadjoura","Djibouti","TDJ","HDTJ",11.783,42.917,246,3,"N"
9393,"Santa Cruz des Quiche Airport","Santa Cruz des Quiche","Guatemala","AQB","MGQC",15.0122004,-91.1505966,6631,-6,"S"
9394,"Nordfjordur Airport","Nordfjordur","Iceland","NOR","BINF",65.131897,-13.7463999,3648,0,"E"
9395,"Bursa Airport","Bursa","Turkey","BTZ","LTBE",40.2332993,29.0091991,772,3,"U"
9396,"Skyhaven Airport","Rochester","United States","DAW","KDAW",43.2840556,-70.9292778,321,-4,"A"
9397,"Waris Airport","Waris-Papua Island","Indonesia","WAR","WAJR",-3.22243,140.9790039,1224,9,"U"
9398,"Port Oceanic Airport","Port Oceanic","United States","PRL",\N,60.2083333,-147.8194444,142,-8,"A"
9399,"Newton City-County Airport","Newton","United States","EWK","KEWK",38.0570785,-97.2752278,1533,-5,"A"
9400,"La Ferte Alais Airport","La Ferte Alais","France","","LFFQ",48.497799,2.34333,453,1,"E"
9401,"Angguruk airstrip","Angguruk","Indonesia","",\N,-4.2001,139.4329,4200,9,"U"
9402,"Bairnsdale Airport","Bairnsdale","Australia","BSJ","YBNS",-37.8875,147.567778,165,10,"O"
9403,"Bolton Field","Columbus","United States","TZR","KTZR",39.901111,-83.136944,905,-4,"A"
9404,"Ocean Shores Municipal","Ocean Shores","United States","W04","KW04",46.5995,124.0854,15,-8,"A"
9405,"Packwood","Packwood","United States","55S","K55S",46.3625,-121.4067,1057,-8,"A"
9406,"Fort Bridger","Fort Bridger","United States","FBR","KFBR",41.236,-110.2436,7038,-6,"A"
9407,"Prosser","Prosser","United States","S40","KS40",46.128,-119.4773,705,-8,"A"
9408,"Chehalis-Centralia","Chehalis","United States","CLS","KCLS",46.4062,-122.5897,177,-8,"A"
9409,"Desert Aire","Mattawa","United States","M94","KM94",46.4124,-119.5518,586,-8,"A"
9410,"Lebanon State","Lebanon","United States","S30","KS30",44.3179,-122.5577,344,-8,"A"
9411,"Evanston-Uinta CO Burns Fld","Evanston","United States","EVW","KEVW",41.1649,-111.0208,7143,-7,"A"
9412,"Sabetha Municipal","Sabetha","United States","K83","KK83",39.5425,-95.4677,1330,-6,"A"
9413,"Mount Pleasant Regional-Faison Field","Mount Pleasant","United States","LRO","KLRO",32.5387,-79.4697,12,-5,"A"
9414,"Jimmy Carter Regional","Americus","United States","ACJ","KACJ",32.0665,-84.1133,468,-5,"A"
9415,"Weedon Field","Eufala","United States","EUF","KEUF",31.5708,-85.0774,285,-6,"A"
9416,"Saluda County","Saluda","United States","6J4","K6J4",33.5561,-81.4768,539,-5,"A"
9417,"Dare County Regional","Manteo","United States","MQI","KMQI",35.5514,-75.4173,13,-5,"A"
9418,"Auburn University Regional","Auburn","United States","AUO","KAUO",32.3691,-85.2604,777,-6,"A"
9419,"Tri-Cities","Endicott","United States","CZG","KCZG",42.0471,-76.0578,833,-5,"A"
